{"cameraMode":{"drawMode":0,"name":"Shaded","section":"Shading Mode"},"sceneLighting":false,"audioPlay":false,"sceneViewState":{"showFog":true,"showMaterialUpdate":false,"showSkybox":false,"showFlares":true,"showImageEffects":true,"showParticleSystems":true,"showVisualEffectGraphs":true,"m_FxEnabled":true},"in2DMode":false,"pivot":{"x":991.2796630859375,"y":560.4583129882813,"z":-1.624603271484375},"rotation":{"x":-0.0003094170242547989,"y":0.009597167372703553,"z":-0.0000027943776785832599,"w":-0.9999558329582214},"size":226.77127075195313,"orthographic":false}